	position	amino_acid	percent_conservativeness
0	23	P	10.040160642570282
1	24	V	12.048192771084338
2	28	S	44.57831325301205
3	29	T	14.859437751004014
4	32	F	26.907630522088354
5	41	P	28.915662650602407
6	42	F	26.907630522088354
7	45	G	8.032128514056225
8	48	R	14.457831325301203
9	49	E	24.096385542168676
10	51	R	39.3574297188755
11	52	A	32.53012048192771
12	56	A	34.13654618473896
13	58	I	34.93975903614458
14	64	P	8.032128514056225
15	65	R	8.835341365461847
16	68	A	15.66265060240964
17	69	T	14.056224899598394
18	94	F	23.293172690763054
19	95	W	32.1285140562249
20	98	K	10.441767068273093
21	100	R	22.89156626506024
22	101	G	9.236947791164658
23	102	S	8.032128514056225
24	108	P	27.710843373493976
25	109	V	18.87550200803213
26	112	G	42.168674698795186
27	126	R	16.06425702811245
28	128	W	17.670682730923694
29	130	R	13.654618473895583
30	153	C	42.570281124497996
31	156	A	13.253012048192772
32	157	G	17.670682730923694
33	162	I	10.441767068273093
34	166	S	43.77510040160642
35	172	R	15.66265060240964
36	174	A	11.244979919678714
37	178	P	8.835341365461847
38	184	D	27.710843373493976
39	186	R	42.971887550200805
40	188	R	8.433734939759036
41	189	S	12.449799196787147
42	190	C	69.07630522088354
43	191	G	31.72690763052209
44	192	A	17.670682730923694
45	193	R	8.835341365461847
46	194	T	24.096385542168676
47	206	L	19.27710843373494
48	208	G	42.168674698795186
49	209	P	30.522088353413658
50	211	P	41.76706827309237
51	214	A	17.670682730923694
52	220	P	21.285140562248998
53	226	K	11.646586345381527
54	227	A	12.048192771084338
55	228	T	14.056224899598394
56	231	S	8.433734939759036
57	232	L	18.473895582329316
58	234	S	28.11244979919679
59	235	S	20.080321285140563
60	237	S	16.06425702811245
61	239	R	14.056224899598394
62	241	S	18.072289156626507
